{"ref_min": -3.918346859241936, "ref_max": 3.918346859241799}