{"ref_min": -3.923111729598914, "ref_max": 3.9231117295988045}