{"ref_min": -3.9096275680759116, "ref_max": 3.909627568075719}