{"ref_min": -3.9336229497963675, "ref_max": 3.9336229497964506}