{"ref_min": -3.9937654704614856, "ref_max": 3.993765470461289}