{"ref_min": -4.009506585216219, "ref_max": 4.009506585216253}