{"ref_min": -3.947730745059643, "ref_max": 3.9477307450594252}