{"ref_min": -3.906185218040801, "ref_max": 3.9061852180409065}